grid,uni_name,country,region,subregion
grid.38142.3c,Harvard University,United States,Americas,Northern America
grid.17063.33,University of Toronto,Canada,Americas,Northern America
grid.11899.38,University of Sao Paulo,Brazil,Americas,South America
grid.83440.3b,University College London,United Kingdom,Europe,Northern Europe
grid.214458.e,University of Michigan–Ann Arbor,United States,Americas,Northern America
grid.4991.5,University of Oxford,United Kingdom,Europe,Northern Europe
grid.21107.35,Johns Hopkins University,United States,Americas,Northern America
grid.168010.e,Stanford University,United States,Americas,Northern America
grid.34477.33,University of Washington,United States,Americas,Northern America
grid.12527.33,Tsinghua University,China,Asia,Eastern Asia
grid.5335.0,University of Cambridge,United Kingdom,Europe,Northern Europe
grid.16821.3c,Shanghai Jiao Tong University,China,Asia,Eastern Asia
grid.1013.3,University of Sydney,Australia,Oceania,Australia and New Zealand
grid.25879.31,University of Pennsylvania,United States,Americas,Northern America
grid.19006.3e,University of California Los Angeles,United States,Americas,Northern America
grid.26999.3d,University of Tokyo,Japan,Asia,Eastern Asia
grid.7445.2,Imperial College London,United Kingdom,Europe,Northern Europe
grid.13402.34,Zhejiang University,China,Asia,Eastern Asia
grid.21729.3f,Columbia University,United States,Americas,Northern America
grid.11135.37,Peking University,China,Asia,Eastern Asia
grid.1008.9,University of Melbourne,Australia,Oceania,Australia and New Zealand
grid.31501.36,Seoul National University,South Korea,Asia,Eastern Asia
grid.17635.36,University of Minnesota,United States,Americas,Northern America
grid.5386.8,Cornell University,United States,Americas,Northern America
grid.266100.3,"University of California, San Diego",United States,Americas,Northern America
grid.5254.6,University of Copenhagen,Denmark,Europe,Northern Europe
grid.17091.3e,University of British Columbia,Canada,Americas,Northern America
grid.116068.8,Massachusetts Institute of Technology,United States,Americas,Northern America
grid.261331.4,The Ohio State University,United States,Americas,Northern America
grid.47100.32,Yale University,United States,Americas,Northern America
grid.26009.3d,Duke University,United States,Americas,Northern America
grid.47840.3f,"University of California, Berkeley",United States,Americas,Northern America
grid.4280.e,National University of Singapore,Singapore,Asia,South-Eastern Asia
grid.1002.3,Monash University,Australia,Oceania,Australia and New Zealand
grid.5801.c,Swiss Federal Institute of Technology in Zurich,Switzerland,Europe,Western Europe
grid.21925.3d,University of Pittsburgh,United States,Americas,Northern America
grid.5596.f,University of Leuven,Belgium,Europe,Western Europe
grid.1005.4,UNSW Australia,Australia,Oceania,Australia and New Zealand
grid.1003.2,University of Queensland,Australia,Oceania,Australia and New Zealand
grid.10698.36,University of North Carolina at Chapel Hill,United States,Americas,Northern America
grid.16753.36,Northwestern University,United States,Americas,Northern America
grid.15276.37,University of Florida,United States,Americas,Northern America
grid.14003.36,University of Wisconsin–Madison,United States,Americas,Northern America
grid.170205.1,University of Chicago,United States,Americas,Northern America
grid.14709.3b,McGill University,Canada,Americas,Northern America
grid.5379.8,University of Manchester,United Kingdom,Europe,Northern Europe
grid.7841.a,Sapienza University of Rome,Italy,Europe,Southern Europe
grid.13097.3c,King's College London,United Kingdom,Europe,Northern Europe
grid.137628.9,New York University,United States,Americas,Northern America
grid.33199.31,Huazhong University of Science and Technology,China,Asia,Eastern Asia
grid.89336.37,The University of Texas at Austin,United States,Americas,Northern America
grid.29857.31,Pennsylvania State University,United States,Americas,Northern America
grid.12981.33,Sun Yat-sen University,China,Asia,Eastern Asia
grid.258799.8,Kyoto University,Japan,Asia,Eastern Asia
grid.8547.e,Fudan University,China,Asia,Eastern Asia
grid.43169.39,Xi'an Jiaotong University,China,Asia,Eastern Asia
grid.27860.3b,"University of California, Davis",United States,Americas,Northern America
grid.19373.3f,Harbin Institute of Technology,China,Asia,Eastern Asia
grid.7177.6,University of Amsterdam,Netherlands,Europe,Western Europe
grid.5477.1,Utrecht University,Netherlands,Europe,Western Europe
grid.264756.4,Texas A&M University,United States,Americas,Northern America
grid.6936.a,Technical University Munich,Germany,Europe,Western Europe
grid.35403.31,University of Illinois at Urbana Champaign,United States,Americas,Northern America
grid.59025.3b,Nanyang Technological University,Singapore,Asia,South-Eastern Asia
grid.5841.8,University of Barcelona,Spain,Europe,Southern Europe
grid.5252.0,Ludwig Maximilian University of Munich,Germany,Europe,Western Europe
grid.7311.4,University of Aveiro,Portugal,Europe,Southern Europe
grid.42505.36,University of Southern California,United States,Americas,Northern America
grid.7700.0,Heidelberg University,Germany,Europe,Western Europe
grid.5342.0,Ghent University,Belgium,Europe,Western Europe
grid.4714.6,Karolinska Institute,Sweden,Europe,Northern Europe
grid.189967.8,Emory University,United States,Americas,Northern America
grid.27255.37,Shandong University,China,Asia,Eastern Asia
grid.14476.30,Moscow State University,Russia,Europe,Eastern Europe
grid.13291.38,Sichuan University,China,Asia,Eastern Asia
grid.41156.37,Nanjing University,China,Asia,Eastern Asia
grid.4708.b,University of Milan,Italy,Europe,Southern Europe
grid.4367.6,Washington University in St. Louis,United States,Americas,Northern America
grid.17089.37,University of Alberta,Canada,Americas,Northern America
grid.59053.3a,University of Science and Technology of China,China,Asia,Eastern Asia
grid.7400.3,University of Zurich,Switzerland,Europe,Western Europe
grid.164295.d,"University of Maryland, College Park",United States,Americas,Northern America
grid.430387.b,Rutgers University,United States,Americas,Northern America
grid.7048.b,Aarhus University,Denmark,Europe,Northern Europe
grid.5608.b,University of Padua,Italy,Europe,Southern Europe
grid.9486.3,National Autonomous University of Mexico,Mexico,Americas,Northern America
grid.169077.e,Purdue University,United States,Americas,Northern America
grid.14848.31,University of Montreal,Canada,Americas,Northern America
grid.9983.b,University of Lisbon,Portugal,Europe,Southern Europe
grid.216417.7,Central South University,China,Asia,Eastern Asia
grid.7468.d,Humboldt University of Berlin,Germany,Europe,Western Europe
grid.152326.1,Vanderbilt University,United States,Americas,Northern America
grid.136593.b,Osaka University,Japan,Asia,Eastern Asia
grid.5510.1,University of Oslo,Norway,Europe,Northern Europe
grid.5399.6,Aix-Marseille University,France,Europe,Western Europe
grid.14095.39,Free University of Berlin,Germany,Europe,Western Europe
grid.49470.3e,Wuhan University,China,Asia,Eastern Asia
grid.410543.7,Sao Paulo State University,Brazil,Americas,South America
grid.64924.3d,Jilin University,China,Asia,Eastern Asia
grid.15444.30,Yonsei University,South Korea,Asia,Eastern Asia
grid.6292.f,University of Bologna,Italy,Europe,Southern Europe
grid.69566.3a,Tohoku University,Japan,Asia,Eastern Asia
grid.17088.36,Michigan State University,United States,Americas,Northern America
grid.4514.4,Lund University,Sweden,Europe,Northern Europe
grid.64939.31,Beihang University,China,Asia,Eastern Asia
grid.134563.6,University of Arizona,United States,Americas,Northern America
grid.223827.e,University of Utah,United States,Americas,Northern America
grid.4830.f,University of Groningen,Netherlands,Europe,Western Europe
grid.19188.39,National Taiwan University,Taiwan,Asia,Eastern Asia
grid.263826.b,Southeast University,China,Asia,Eastern Asia
grid.6572.6,University of Birmingham,United Kingdom,Europe,Northern Europe
grid.7737.4,University of Helsinki,Finland,Europe,Northern Europe
grid.4563.4,University of Nottingham,United Kingdom,Europe,Northern Europe
grid.33763.32,Tianjin University,China,Asia,Eastern Asia
grid.194645.b,University of Hong Kong,Hong Kong,Asia,Eastern Asia
grid.189504.1,Boston University,United States,Americas,Northern America
grid.22072.35,University of Calgary,Canada,Americas,Northern America
grid.24516.34,Tongji University,China,Asia,Eastern Asia
grid.411087.b,State University of Campinas,Brazil,Americas,South America
grid.12380.38,VU University Amsterdam,Netherlands,Europe,Western Europe
grid.5337.2,University of Bristol,United Kingdom,Europe,Northern Europe
grid.411819.4,Grenoble Alpes University,France,Europe,Western Europe
grid.7080.f,Autonomous University of Barcelona,Spain,Europe,Southern Europe
grid.266190.a,University of Colorado Boulder,United States,Americas,Northern America
grid.4691.a,University of Naples Federico II,Italy,Europe,Southern Europe
grid.5491.9,University of Southampton,United Kingdom,Europe,Northern Europe
grid.12136.37,Tel Aviv University,Israel,Asia,Western Asia
grid.8532.c,Federal University of Rio Grande do Sul,Brazil,Americas,South America
grid.8993.b,Uppsala University,Sweden,Europe,Northern Europe
grid.1012.2,University of Western Australia,Australia,Oceania,Australia and New Zealand
grid.213917.f,Georgia Institute of Technology,United States,Americas,Northern America
grid.28046.38,University of Ottawa,Canada,Americas,Northern America
grid.11835.3e,University of Sheffield,United Kingdom,Europe,Northern Europe
grid.440907.e,Paris Sciences Lettres Research University,France,Europe,Western Europe
grid.5132.5,Leiden University,Netherlands,Europe,Western Europe
grid.79703.3a,South China University of Technology,China,Asia,Eastern Asia
grid.6906.9,Erasmus University Rotterdam,Netherlands,Europe,Western Europe
grid.9909.9,University of Leeds,United Kingdom,Europe,Northern Europe
grid.5590.9,Radboud University Nijmegen,Netherlands,Europe,Western Europe
grid.8536.8,Federal University of Rio de Janeiro,Brazil,Americas,South America
grid.1957.a,Rheinisch-Westfälische Technische Hochschule Aachen University,Germany,Europe,Western Europe
grid.215654.1,Arizona State University,United States,Americas,Northern America
grid.222754.4,Korea University,South Korea,Asia,Eastern Asia
grid.9026.d,University of Hamburg,Germany,Europe,Western Europe
grid.264381.a,Sungkyunkwan University,South Korea,Asia,Eastern Asia
grid.27755.32,University of Virginia,United States,Americas,Northern America
grid.266684.8,University of Massachusetts System,United States,Americas,Northern America
grid.261112.7,Northeastern University,United States,Americas,Northern America
grid.25073.33,McMaster University,Canada,Americas,Northern America
grid.5808.5,University of Porto,Portugal,Europe,Southern Europe
grid.266093.8,"University of California, Irvine",United States,Americas,Northern America
grid.4795.f,Complutense University of Madrid,Spain,Europe,Southern Europe
grid.5734.5,University of Bern,Switzerland,Europe,Western Europe
grid.121334.6,University of Montpellier,France,Europe,Western Europe
grid.10784.3a,Chinese University of Hong Kong,Hong Kong,Asia,Eastern Asia
grid.5842.b,University of Paris-Sud,France,Europe,Western Europe
grid.39381.30,University of Western Ontario,Canada,Americas,Northern America
grid.1017.7,Royal Melbourne Institute of Technology University,Australia,Oceania,Australia and New Zealand
grid.8756.c,University of Glasgow,United Kingdom,Europe,Northern Europe
grid.7452.4,Paris Diderot University,France,Europe,Western Europe
grid.10025.36,University of Liverpool,United Kingdom,Europe,Northern Europe
grid.1001.0,Australian National University,Australia,Oceania,Australia and New Zealand
grid.30055.33,Dalian University of Technology,China,Asia,Eastern Asia
grid.4488.0,Dresden University of Technology,Germany,Europe,Western Europe
grid.5333.6,École Polytechnique Fédérale de Lausanne,Switzerland,Europe,Western Europe
grid.177174.3,Kyushu University,Japan,Asia,Eastern Asia
grid.27476.30,Nagoya University,Japan,Asia,Eastern Asia
grid.185648.6,University of Illinois at Chicago,United States,Americas,Northern America
grid.8430.f,Universidade Federal de Minas Gerais,Brazil,Americas,South America
grid.6363.0,Charité,Germany,Europe,Western Europe
grid.1006.7,Newcastle University,United Kingdom,Europe,Northern Europe
grid.67105.35,Case Western Reserve University,United States,Americas,Northern America
grid.1010.0,University of Adelaide,Australia,Oceania,Australia and New Zealand
grid.5330.5,University of Erlangen-Nuremberg,Germany,Europe,Western Europe
grid.16750.35,Princeton University,United States,Americas,Northern America
grid.11417.32,University of Toulouse,France,Europe,Western Europe
grid.40803.3f,North Carolina State University,United States,Americas,Northern America
grid.214572.7,University of Iowa,United States,Americas,Northern America
grid.4491.8,Charles University in Prague,Czechia,Europe,Eastern Europe
grid.438526.e,Virginia Tech,United States,Americas,Northern America
grid.56302.32,King Saud University,Saudi Arabia,Asia,Western Asia
grid.5947.f,Norwegian University of Science and Technology,Norway,Europe,Northern Europe
grid.265892.2,University of Alabama at Birmingham,United States,Americas,Northern America
grid.5292.c,Delft University of Technology,Netherlands,Europe,Western Europe
grid.40263.33,Brown University,United States,Americas,Northern America
grid.5600.3,Cardiff University,United Kingdom,Europe,Northern Europe
grid.7372.1,University of Warwick,United Kingdom,Europe,Northern Europe
grid.8591.5,University of Geneva,Switzerland,Europe,Western Europe
grid.9654.e,University of Auckland,New Zealand,Oceania,Australia and New Zealand
grid.26790.3a,University of Miami,United States,Americas,Northern America
grid.43555.32,Beijing Institute of Technology,China,Asia,Eastern Asia
grid.412125.1,King Abdulaziz University,Saudi Arabia,Asia,Western Asia
grid.5515.4,Autonomous University of Madrid,Spain,Europe,Southern Europe
grid.39158.36,Hokkaido University,Japan,Asia,Eastern Asia
grid.8404.8,University of Florence,Italy,Europe,Southern Europe
grid.4868.2,Queen Mary University of London,United Kingdom,Europe,Northern Europe
grid.46072.37,University of Tehran,Iran,Asia,Southern Asia
grid.7605.4,University of Turin,Italy,Europe,Southern Europe
grid.20861.3d,California Institute of Technology,United States,Americas,Northern America
grid.10392.39,University of Tübingen,Germany,Europe,Western Europe
grid.5170.3,Technical University of Denmark,Denmark,Europe,Northern Europe
grid.46078.3d,University of Waterloo,Canada,Americas,Northern America
grid.5216.0,National and Kapodistrian University of Athens,Greece,Europe,Southern Europe
grid.8761.8,University of Gothenburg,Sweden,Europe,Northern Europe
grid.263761.7,Soochow University,China,Asia,Eastern Asia
grid.190737.b,Chongqing University,China,Asia,Eastern Asia
grid.7892.4,Karlsruhe Institute of Technology,Germany,Europe,Western Europe
grid.411705.6,Tehran University of Medical Sciences,Iran,Asia,Southern Asia
grid.16890.36,Hong Kong Polytechnic University,Hong Kong,Asia,Eastern Asia
grid.5338.d,University of Valencia,Spain,Europe,Southern Europe
grid.7849.2,Claude Bernard University Lyon 1,France,Europe,Western Europe
grid.440588.5,Northwestern Polytechnical University,China,Asia,Eastern Asia
grid.5012.6,Maastricht University,Netherlands,Europe,Western Europe
grid.16416.34,University of Rochester,United States,Americas,Northern America
grid.5963.9,University of Freiburg,Germany,Europe,Western Europe
grid.411461.7,University of Tennessee at Knoxville,United States,Americas,Northern America
grid.5037.1,Royal Institute of Technology,Sweden,Europe,Northern Europe
grid.5395.a,University of Pisa,Italy,Europe,Southern Europe
grid.213876.9,University of Georgia,United States,Americas,Northern America
grid.10347.31,University of Malaya,Malaysia,Asia,South-Eastern Asia
grid.1032.0,Curtin University,Australia,Oceania,Australia and New Zealand
grid.4643.5,Polytechnic University of Milan,Italy,Europe,Southern Europe
grid.7149.b,University of Belgrade,Serbia,Europe,Southern Europe
grid.10388.32,University of Bonn,Germany,Europe,Western Europe
grid.7450.6,University of Göttingen,Germany,Europe,Western Europe
grid.12955.3a,Xiamen University,China,Asia,Eastern Asia
grid.34421.30,Iowa State University,United States,Americas,Northern America
grid.63054.34,University of Connecticut,United States,Americas,Northern America
grid.7839.5,Goethe University Frankfurt,Germany,Europe,Western Europe
grid.6612.3,University of Basel,Switzerland,Europe,Western Europe
grid.8250.f,Durham University,United Kingdom,Europe,Northern Europe
grid.24827.3b,University of Cincinnati,United States,Americas,Northern America
grid.266539.d,University of Kentucky,United States,Americas,Northern America
grid.10420.37,University of Vienna,Austria,Europe,Western Europe
grid.7836.a,University of Cape Town,South Africa,Africa,Southern Africa
grid.170693.a,University of South Florida,United States,Americas,Northern America
grid.37172.30,Korea Advanced Institute of Science and Technology,South Korea,Asia,Eastern Asia
grid.39436.3b,Shanghai University,China,Asia,Eastern Asia
grid.6190.e,University of Cologne,Germany,Europe,Western Europe
grid.9619.7,Hebrew University of Jerusalem,Israel,Asia,Western Asia
grid.448660.8,Carnegie Mellon University,Australia,Oceania,Australia and New Zealand
grid.266515.3,University of Kansas,United States,Americas,Northern America
grid.5288.7,Oregon Health & Science University,United States,Americas,Northern America
grid.32197.3e,Tokyo Institute of Technology,Japan,Asia,Eastern Asia
grid.1022.1,Griffith University,Australia,Oceania,Australia and New Zealand
grid.24696.3f,Capital Medical University,China,Asia,Eastern Asia
grid.4489.1,University of Granada,Spain,Europe,Southern Europe
grid.7345.5,University of Buenos Aires,Argentina,Americas,South America
grid.23856.3a,Laval University,Canada,Americas,Northern America
grid.411237.2,Universidade Federal de Santa Catarina,Brazil,Americas,South America
grid.15447.33,Saint Petersburg State University,Russia,Europe,Eastern Europe
grid.8391.3,University of Exeter,United Kingdom,Europe,Northern Europe
grid.7886.1,University College Dublin,Ireland,Europe,Northern Europe
grid.1021.2,Deakin University,Australia,Oceania,Australia and New Zealand
grid.49606.3d,Hanyang University,South Korea,Asia,Eastern Asia
grid.5117.2,Aalborg University,Denmark,Europe,Northern Europe
grid.20515.33,University of Tsukuba,Japan,Asia,Eastern Asia
grid.35030.35,City University of Hong Kong,Hong Kong,Asia,Eastern Asia
grid.5949.1,University of Münster,Germany,Europe,Western Europe
grid.117476.2,University of Technology Sydney,Australia,Oceania,Australia and New Zealand
grid.26091.3c,Keio University,Japan,Asia,Eastern Asia
grid.4818.5,Wageningen University & Research,Netherlands,Europe,Western Europe
grid.5570.7,Ruhr University Bochum,Germany,Europe,Western Europe
grid.273335.3,"University at Buffalo, State University of New York",United States,Americas,Northern America
grid.412041.2,University of Bordeaux,France,Europe,Western Europe
grid.5802.f,Johannes Gutenberg University of Mainz,Germany,Europe,Western Europe
grid.10548.38,Stockholm University,Sweden,Europe,Northern Europe
grid.9851.5,University of Lausanne,Switzerland,Europe,Western Europe
grid.36425.36,Stony Brook University,United States,Americas,Northern America
grid.7776.1,Cairo University,Egypt,Africa,Northern Africa
grid.241116.1,University of Colorado Denver,United States,Americas,Northern America
grid.412304.0,University of Lille Nord de France,France,Europe,Western Europe
grid.253615.6,George Washington University,United States,Americas,Northern America
grid.133342.4,"University of California, Santa Barbara",United States,Americas,Northern America
grid.29172.3f,University of Lorraine,France,Europe,Western Europe
grid.64337.35,Louisiana State University,United States,Americas,Northern America
grid.21613.37,University of Manitoba,Canada,Americas,Northern America
grid.5522.0,Jagiellonian University,Poland,Europe,Eastern Europe
grid.9224.d,University of Seville,Spain,Europe,Southern Europe
grid.11480.3c,University of the Basque Country,Spain,Europe,Southern Europe
grid.69775.3a,University of Science and Technology Beijing,China,Asia,Eastern Asia
grid.1024.7,Queensland University of Technology,Australia,Oceania,Australia and New Zealand
grid.411519.9,"China University of Petroleum, Beijing",China,Asia,Eastern Asia
grid.47894.36,Colorado State University,United States,Americas,Northern America
grid.8051.c,University of Coimbra,Portugal,Europe,Southern Europe
grid.266900.b,University of Oklahoma,United States,Americas,Northern America
grid.11951.3d,University of the Witwatersrand,South Africa,Africa,Southern Africa
grid.5284.b,University of Antwerp,Belgium,Europe,Western Europe
grid.5373.2,Aalto University,Finland,Europe,Northern Europe
grid.8217.c,Trinity College Dublin,Ireland,Europe,Northern Europe
grid.254444.7,Wayne State University,United States,Americas,Northern America
grid.266842.c,University of Newcastle Australia,Australia,Oceania,Australia and New Zealand
grid.411249.b,Federal University of Sao Paulo,Brazil,Americas,South America
grid.4793.9,Aristotle University of Thessaloniki,Greece,Europe,Southern Europe
grid.22937.3d,Medical University of Vienna,Austria,Europe,Western Europe
grid.410356.5,Queen's University,Canada,Americas,Northern America
grid.410877.d,University of Technology Malaysia,Malaysia,Asia,South-Eastern Asia
grid.67293.39,Hunan University,China,Asia,Eastern Asia
grid.5606.5,University of Genoa,Italy,Europe,Southern Europe
grid.264727.2,Temple University,United States,Americas,Northern America
grid.6451.6,Technion – Israel Institute of Technology,Israel,Asia,Western Asia
grid.1004.5,Macquarie University,Australia,Oceania,Australia and New Zealand
grid.289247.2,Kyung Hee University,South Korea,Asia,Eastern Asia
grid.263488.3,Shenzhen University,China,Asia,Eastern Asia
grid.4391.f,Oregon State University,United States,Americas,Northern America
grid.216938.7,Nankai University,China,Asia,Eastern Asia
grid.7914.b,University of Bergen,Norway,Europe,Northern Europe
grid.11843.3f,University of Strasbourg,France,Europe,Western Europe
grid.7942.8,Université Catholique de Louvain,Belgium,Europe,Western Europe
grid.262229.f,Pusan National University,South Korea,Asia,Eastern Asia
grid.5718.b,University of Duisburg-Essen,Germany,Europe,Western Europe
grid.11956.3a,Stellenbosch University,South Africa,Africa,Southern Africa
grid.443909.3,University of Chile,Chile,Americas,South America
grid.6530.0,University of Rome Tor Vergata,Italy,Europe,Southern Europe
grid.7870.8,Pontifical Catholic University of Chile,Chile,Americas,South America
grid.254145.3,China Medical University,Taiwan,Asia,Eastern Asia
grid.440736.2,Xidian University,China,Asia,Eastern Asia
grid.4808.4,University of Zagreb,Croatia,Europe,Southern Europe
grid.10825.3e,University of Southern Denmark,Denmark,Europe,Northern Europe
grid.429997.8,Tufts University,United States,Americas,Northern America
grid.266436.3,University of Houston,United States,Americas,Northern America
grid.412252.2,Northeastern University,China,Asia,Eastern Asia
grid.24434.35,University of Nebraska–Lincoln,United States,Americas,Northern America
grid.258803.4,Kyungpook National University,South Korea,Asia,Eastern Asia
grid.29980.3a,University of Otago,New Zealand,Oceania,Australia and New Zealand
grid.34980.36,Indian Institute of Science Bangalore,India,Asia,Southern Asia
grid.5685.e,University of York,United Kingdom,Europe,Northern Europe
grid.412813.d,Vellore Institute of Technology University,India,Asia,Southern Asia
grid.162110.5,Wuhan University of Technology,China,Asia,Eastern Asia
grid.64523.36,National Cheng Kung University,Taiwan,Asia,Eastern Asia
grid.255986.5,Florida State University,United States,Americas,Northern America
grid.266832.b,University of New Mexico,United States,Americas,Northern America
grid.4989.c,Université Libre de Bruxelles,Belgium,Europe,Western Europe
grid.89957.3a,Nanjing Medical University,China,Asia,Eastern Asia
grid.267370.7,University of Ulsan,South Korea,Asia,Eastern Asia
grid.49697.35,University of Pretoria,South Africa,Africa,Southern Africa
grid.55602.34,Dalhousie University,Canada,Americas,Northern America
grid.8379.5,University of Würzburg,Germany,Europe,Western Europe
grid.8954.0,University of Ljubljana,Slovenia,Europe,Southern Europe
grid.9764.c,Kiel University,Germany,Europe,Western Europe
grid.4861.b,University of Liège,Belgium,Europe,Western Europe
grid.170430.1,University of Central Florida,United States,Americas,Northern America
grid.12847.38,University of Warsaw,Poland,Europe,Eastern Europe
grid.30064.31,Washington State University,United States,Americas,Northern America
grid.4777.3,Queen's University Belfast,United Kingdom,Europe,Northern Europe
grid.1007.6,University of Wollongong,Australia,Oceania,Australia and New Zealand
grid.157927.f,Polytechnic University of Valencia,Spain,Europe,Southern Europe
grid.265695.b,University of Quebec,Canada,Americas,Northern America
grid.4605.7,Novosibirsk State University,Russia,Europe,Eastern Europe
grid.11875.3a,Universiti Sains Malaysia,Malaysia,Asia,South-Eastern Asia
grid.6734.6,Technical University of Berlin,Germany,Europe,Western Europe
grid.440785.a,Jiangsu University,China,Asia,Eastern Asia
grid.257022.0,Hiroshima University,Japan,Asia,Eastern Asia
grid.9918.9,University of Leicester,United Kingdom,Europe,Northern Europe
grid.25152.31,University of Saskatchewan,Canada,Americas,Northern America
grid.411510.0,China University of Mining and Technology,China,Asia,Eastern Asia
grid.7489.2,Ben-Gurion University of the Negev,Israel,Asia,Western Asia
grid.6835.8,Universitat Politècnica de Catalunya,Spain,Europe,Southern Europe
grid.16463.36,University of KwaZulu-Natal,South Africa,Africa,Southern Africa
grid.254880.3,Dartmouth College,United States,Americas,Northern America
grid.7632.0,University of Brasília,Brazil,Americas,South America
grid.8982.b,University of Pavia,Italy,Europe,Southern Europe
grid.412113.4,National University of Malaysia,Malaysia,Asia,South-Eastern Asia
grid.8767.e,Vrije Universiteit Brussel,Belgium,Europe,Western Europe
grid.24515.37,Hong Kong University of Science and Technology,Hong Kong,Asia,Eastern Asia
grid.145695.a,Chang Gung University,Taiwan,Asia,Eastern Asia
grid.266097.c,"University of California, Riverside",United States,Americas,Northern America
grid.6852.9,Eindhoven University of Technology,Netherlands,Europe,Western Europe
grid.5640.7,Linköping University,Sweden,Europe,Northern Europe
grid.264784.b,Texas Tech University,United States,Americas,Northern America
grid.213910.8,Georgetown University,United States,Americas,Northern America
grid.11142.37,Universiti Putra Malaysia,Malaysia,Asia,South-Eastern Asia
grid.10328.38,University of Minho,Portugal,Europe,Southern Europe
grid.5329.d,Vienna University of Technology,Austria,Europe,Western Europe
grid.5371.0,Chalmers University of Technology,Sweden,Europe,Northern Europe
grid.61971.38,Simon Fraser University,Canada,Americas,Northern America
grid.16488.33,Lincoln University,New Zealand,Oceania,Australia and New Zealand
grid.131063.6,University of Notre Dame,United States,Americas,Northern America
grid.28056.39,East China University of Science and Technology,China,Asia,Eastern Asia
grid.4800.c,Polytechnic University of Turin,Italy,Europe,Southern Europe
grid.9581.5,University of Indonesia,Indonesia,Asia,South-Eastern Asia
grid.6582.9,University of Ulm,Germany,Europe,Western Europe
grid.22935.3f,China Agricultural University,China,Asia,Eastern Asia
grid.254567.7,University of South Carolina,United States,Americas,Northern America
grid.11205.37,University of Zaragoza,Spain,Europe,Southern Europe
grid.411015.0,"University of Alabama, Tuscaloosa",United States,Americas,Northern America
grid.258164.c,Jinan University,China,Asia,Eastern Asia
grid.31432.37,Kobe University,Japan,Asia,Eastern Asia
grid.5719.a,University of Stuttgart,Germany,Europe,Western Europe
grid.22069.3f,East China Normal University,China,Asia,Eastern Asia
grid.9835.7,Lancaster University,United Kingdom,Europe,Northern Europe
grid.8142.f,Catholic University of the Sacred Heart,Italy,Europe,Southern Europe
grid.21940.3e,Rice University,United States,Americas,Northern America
grid.12650.30,Umeå University,Sweden,Europe,Northern Europe
grid.10223.32,Mahidol University,Thailand,Asia,South-Eastern Asia
grid.33489.35,University of Delaware,United States,Americas,Northern America
grid.9601.e,Istanbul University,Turkey,Asia,Western Asia
grid.6546.1,Technical University of Darmstadt,Germany,Europe,Western Europe
grid.181531.f,Beijing Jiaotong University,China,Asia,Eastern Asia
grid.14005.30,Chonnam National University,South Korea,Asia,Eastern Asia
grid.1009.8,University of Tasmania,Australia,Oceania,Australia and New Zealand
grid.1018.8,La Trobe University,Australia,Oceania,Australia and New Zealand
grid.5690.a,Technical University of Madrid,Spain,Europe,Southern Europe
grid.1374.1,University of Turku,Finland,Europe,Northern Europe
grid.417971.d,Indian Institute of Technology Bombay,India,Asia,Southern Asia
grid.429017.9,Indian Institute of Technology Kharagpur,India,Asia,Southern Asia
grid.166341.7,Drexel University,United States,Americas,Northern America
grid.8158.4,University of Catania,Italy,Europe,Southern Europe
grid.268154.c,West Virginia University,United States,Americas,Northern America
grid.7563.7,University of Milano-Bicocca,Italy,Europe,Southern Europe
grid.7644.1,University of Bari Aldo Moro,Italy,Europe,Southern Europe
grid.411600.2,Shahid Beheshti University of Medical Sciences,Iran,Asia,Southern Asia
grid.410445.0,University of Hawaii at Manoa,United States,Americas,Northern America
grid.7107.1,University of Aberdeen,United Kingdom,Europe,Northern Europe
grid.5290.e,Waseda University,Japan,Asia,Eastern Asia
grid.9027.c,University of Perugia,Italy,Europe,Southern Europe
grid.241167.7,Wake Forest University,United States,Americas,Northern America
grid.417969.4,Indian Institute of Technology Madras,India,Asia,Southern Asia
grid.8664.c,University of Giessen,Germany,Europe,Western Europe
grid.10776.37,University of Palermo,Italy,Europe,Southern Europe
grid.417967.a,Indian Institute of Technology Delhi,India,Asia,Southern Asia
grid.12082.39,University of Sussex,United Kingdom,Europe,Northern Europe
grid.21100.32,York University,Canada,Americas,Northern America
grid.6214.1,University of Twente,Netherlands,Europe,Western Europe
grid.9922.0,AGH University of Science and Technology,Poland,Europe,Eastern Europe
grid.267323.1,The University of Texas at Dallas,United States,Americas,Northern America
grid.9122.8,University of Hannover,Germany,Europe,Western Europe
grid.412988.e,University of Johannesburg,South Africa,Africa,Southern Africa
grid.34429.38,University of Guelph,Canada,Americas,Northern America
grid.14442.37,Hacettepe University,Turkey,Asia,Western Asia
grid.418920.6,COMSATS Institute of Information Technology,Pakistan,Asia,Southern Asia
grid.411368.9,Amirkabir University of Technology,Iran,Asia,Southern Asia
grid.410682.9,National Research University Higher School of Economics,Russia,Europe,Eastern Europe
grid.1026.5,University of South Australia,Australia,Oceania,Australia and New Zealand
grid.183446.c,Moscow Engineering Physics Institute,Russia,Europe,Eastern Europe
grid.5475.3,University of Surrey,United Kingdom,Europe,Northern Europe
grid.10772.33,Universidade Nova de Lisboa,Portugal,Europe,Southern Europe
grid.260539.b,National Chiao Tung University,Taiwan,Asia,Eastern Asia
grid.65456.34,Florida International University,United States,Americas,Northern America
grid.11914.3c,University of St Andrews,United Kingdom,Europe,Northern Europe
grid.284723.8,Southern Medical University,China,Asia,Eastern Asia
grid.7922.e,Chulalongkorn University,Thailand,Asia,South-Eastern Asia
grid.11794.3a,University of Santiago de Compostela,Spain,Europe,Southern Europe
grid.136304.3,Chiba University,Japan,Asia,Eastern Asia
grid.7340.0,University of Bath,United Kingdom,Europe,Northern Europe
grid.254224.7,Chung-Ang University,South Korea,Asia,Eastern Asia
grid.11984.35,University of Strathclyde,United Kingdom,Europe,Northern Europe
grid.1035.7,Warsaw University of Technology,Poland,Europe,Eastern Europe
grid.7704.4,University of Bremen,Germany,Europe,Western Europe
grid.11696.39,University of Trento,Italy,Europe,Southern Europe
grid.411247.5,Federal University of São Carlos,Brazil,Americas,South America
grid.1014.4,Flinders University,Australia,Oceania,Australia and New Zealand
grid.10858.34,University of Oulu,Finland,Europe,Northern Europe
grid.22448.38,George Mason University,United States,Americas,Northern America
grid.144022.1,North West Agriculture and Forestry University,China,Asia,Eastern Asia
grid.27871.3b,Nanjing Agricultural University,China,Asia,Eastern Asia
grid.38348.34,National Tsing Hua University,Taiwan,Asia,Eastern Asia
grid.8273.e,University of East Anglia,United Kingdom,Europe,Northern Europe
grid.7872.a,University College Cork,Ireland,Europe,Northern Europe
grid.36567.31,Kansas State University,United States,Americas,Northern America
grid.8195.5,University of Delhi,India,Asia,Southern Asia
grid.252546.2,Auburn University,United States,Americas,Northern America
grid.143640.4,University of Victoria,Canada,Americas,Northern America
grid.77602.34,Tomsk State University,Russia,Europe,Eastern Europe
grid.205975.c,"University of California, Santa Cruz",United States,Americas,Northern America
grid.261356.5,Okayama University,Japan,Asia,Eastern Asia
grid.27736.37,Tomsk Polytechnic University,Russia,Europe,Eastern Europe
grid.8484.0,University of Ferrara,Italy,Europe,Southern Europe
grid.11780.3f,University of Salerno,Italy,Europe,Southern Europe
grid.1029.a,Western Sydney University,Australia,Oceania,Australia and New Zealand
grid.6652.7,Czech Technical University in Prague,Czechia,Europe,Eastern Europe
grid.260770.4,National Yang Ming University,Taiwan,Asia,Eastern Asia
grid.10267.32,Masaryk University,Czechia,Europe,Eastern Europe
grid.260478.f,Nanjing University of Information Science and Technology,China,Asia,Eastern Asia
grid.34428.39,Carleton University,Canada,Americas,Northern America
grid.410319.e,Concordia University,Canada,Americas,Northern America
grid.5611.3,University of Verona,Italy,Europe,Southern Europe
grid.6571.5,Loughborough University,United Kingdom,Europe,Northern Europe
grid.4422.0,Ocean University of China,China,Asia,Eastern Asia
grid.265219.b,Tulane University,United States,Americas,Northern America
grid.411545.0,Chonbuk National University,South Korea,Asia,Eastern Asia
grid.10863.3c,University of Oviedo,Spain,Europe,Southern Europe
grid.12832.3a,Versailles Saint-Quentin-en-Yvelines University,France,Europe,Western Europe
grid.412022.7,Nanjing University of Technology,China,Asia,Eastern Asia
grid.9435.b,University of Reading,United Kingdom,Europe,Northern Europe
grid.258676.8,Konkuk University,South Korea,Asia,Eastern Asia
grid.256304.6,Georgia State University,United States,Americas,Northern America
grid.411017.2,University of Arkansas at Fayetteville,United States,Americas,Northern America
grid.10253.35,Philipp University of Marburg,Germany,Europe,Western Europe
grid.49100.3c,Pohang University of Science and Technology,South Korea,Asia,Eastern Asia
grid.35155.37,Huazhong Agricultural University,China,Asia,Eastern Asia
grid.412124.0,University of Sfax,Tunisia,Africa,Northern Africa
grid.18763.3b,Moscow Institute of Physics and Technology,Russia,Europe,Eastern Europe
grid.19003.3b,Indian Institute of Technology Roorkee,India,Asia,Southern Asia
grid.412553.4,Sharif University of Technology,Iran,Asia,Southern Asia
grid.9668.1,University of Eastern Finland,Finland,Europe,Northern Europe
grid.1027.4,Swinburne University of Technology,Australia,Oceania,Australia and New Zealand
grid.7548.e,University of Modena and Reggio Emilia,Italy,Europe,Southern Europe
grid.35915.3b,"Saint Petersburg State University of Information Technologies, Mechanics and Optics",Russia,Europe,Eastern Europe
grid.10383.39,University of Parma,Italy,Europe,Southern Europe
grid.1011.1,James Cook University,Australia,Oceania,Australia and New Zealand
grid.15496.3f,Vita-Salute San Raffaele University,Italy,Europe,Southern Europe
grid.5675.1,Technical University of Dortmund,Germany,Europe,Western Europe
grid.8399.b,Federal University of Bahia,Brazil,Americas,South America
grid.10516.33,Istanbul Technical University,Turkey,Asia,Western Asia
grid.262962.b,Saint Louis University,United States,Americas,Northern America
grid.15399.37,Institut National des Sciences Appliquées de Lyon,France,Europe,Western Europe
grid.9759.2,University of Kent,United Kingdom,Europe,Northern Europe
grid.77268.3c,Kazan Federal University,Russia,Europe,Eastern Europe
grid.5612.0,Pompeu Fabra University,Spain,Europe,Southern Europe
grid.6142.1,"National University of Ireland, Galway",Ireland,Europe,Northern Europe
grid.22098.31,Bar-Ilan University,Israel,Asia,Western Asia
grid.216499.1,Jadavpur University,India,Asia,Southern Asia
grid.252890.4,Baylor University,United States,Americas,Northern America
grid.86715.3d,Université de Sherbrooke,Canada,Americas,Northern America
grid.202119.9,Inha University,South Korea,Asia,Eastern Asia
grid.437123.0,University of Macau,Macao,Asia,Eastern Asia
grid.4817.a,University of Nantes,France,Europe,Western Europe
grid.6341.0,Swedish University of Agricultural Sciences,Sweden,Europe,Northern Europe
grid.255649.9,Ewha Womans University,South Korea,Asia,Eastern Asia
grid.4827.9,Swansea University,United Kingdom,Europe,Northern Europe
grid.413028.c,Yeungnam University,South Korea,Asia,Eastern Asia
grid.8241.f,University of Dundee,United Kingdom,Europe,Northern Europe
grid.5924.a,University of Navarra,Spain,Europe,Southern Europe
grid.411221.5,Universidade Federal de Pelotas,Brazil,Americas,South America
grid.35541.36,Korea Institute of Science and Technology,South Korea,Asia,Eastern Asia
grid.6935.9,Middle East Technical University,Turkey,Asia,Western Asia
grid.59062.38,University of Vermont,United States,Americas,Northern America
grid.11762.33,University of Salamanca,Spain,Europe,Southern Europe
grid.148374.d,Massey University,New Zealand,Oceania,Australia and New Zealand
grid.25055.37,Memorial University of Newfoundland,Canada,Americas,Northern America
grid.10586.3a,University of Murcia,Spain,Europe,Southern Europe
grid.412896.0,Taipei Medical University,Taiwan,Asia,Eastern Asia
grid.7763.5,University of Cagliari,Italy,Europe,Southern Europe
grid.5771.4,University of Innsbruck,Austria,Europe,Western Europe
grid.413016.1,University of Agriculture Faisalabad,Pakistan,Asia,Southern Asia
grid.13063.37,London School of Economics and Political Science,United Kingdom,Europe,Northern Europe
grid.5133.4,University of Trieste,Italy,Europe,Southern Europe
grid.411604.6,Fuzhou University,China,Asia,Eastern Asia
grid.267827.e,Victoria University of Wellington,New Zealand,Oceania,Australia and New Zealand
grid.411748.f,Iran University of Science and Technology,Iran,Asia,Southern Asia
grid.10919.30,The Arctic University of Norway,Norway,Europe,Northern Europe
grid.10877.39,École Polytechnique,France,Europe,Western Europe
grid.10837.3d,Open University,United Kingdom,Europe,Northern Europe
grid.434933.a,Institut Teknologi Bandung,Indonesia,Asia,South-Eastern Asia
grid.9707.9,Kanazawa University,Japan,Asia,Eastern Asia
grid.9024.f,University of Siena,Italy,Europe,Southern Europe
grid.268415.c,Yangzhou University,China,Asia,Eastern Asia
grid.11348.3f,University of Potsdam,Germany,Europe,Western Europe
grid.411746.1,Iran University of Medical Sciences,Iran,Asia,Southern Asia
grid.5807.a,Otto-von-Guericke University Magdeburg,Germany,Europe,Western Europe
grid.262743.6,Rush University,United States,Americas,Northern America
grid.417965.8,Indian Institute of Technology Kanpur,India,Asia,Southern Asia
grid.7155.6,Alexandria University,Egypt,Africa,Northern Africa
grid.215352.2,The University of Texas at San Antonio,United States,Americas,Northern America
grid.412262.1,Northwest University,China,Asia,Eastern Asia
grid.8048.4,University of Castile-La Mancha,Spain,Europe,Southern Europe
grid.11047.33,University of Patras,Greece,Europe,Southern Europe
grid.9531.e,Heriot-Watt University,United Kingdom,Europe,Northern Europe
grid.411507.6,Banaras Hindu University,India,Asia,Southern Asia
grid.417972.e,Indian Institute of Technology Guwahati,India,Asia,Southern Asia
grid.32495.39,Saint Petersburg State Polytechnical University,Russia,Europe,Eastern Europe
grid.10251.37,Mansoura University,Egypt,Africa,Northern Africa
grid.265073.5,Tokyo Medical and Dental University,Japan,Asia,Eastern Asia
grid.266813.8,University of Nebraska Medical Center,United States,Americas,Northern America
grid.7728.a,Brunel University London,United Kingdom,Europe,Northern Europe
grid.411751.7,Isfahan University of Technology,Iran,Asia,Southern Asia
grid.5591.8,Eötvös Loránd University,Hungary,Europe,Eastern Europe
grid.412831.d,University of Tabriz,Iran,Asia,Southern Asia
grid.6312.6,University of Vigo,Spain,Europe,Southern Europe
grid.251916.8,Ajou University,South Korea,Asia,Eastern Asia
grid.143643.7,Tokyo University of Science,Japan,Asia,Eastern Asia
grid.9681.6,University of Jyväskylä,Finland,Europe,Northern Europe
grid.412135.0,King Fahd University of Petroleum and Minerals,Saudi Arabia,Asia,Western Asia
grid.411301.6,Ferdowsi University of Mashhad,Iran,Asia,Southern Asia
grid.412019.f,Kaohsiung Medical University,Taiwan,Asia,Eastern Asia
grid.267315.4,The University of Texas at Arlington,United States,Americas,Northern America
grid.5110.5,University of Graz,Austria,Europe,Western Europe
grid.189747.4,State University of New York,United States,Americas,Northern America
grid.412573.6,Shiraz University,Iran,Asia,Southern Asia
grid.10939.32,University of Tartu,Estonia,Europe,Northern Europe
grid.260120.7,Mississippi State University,United States,Americas,Northern America
grid.264484.8,Syracuse University,United States,Americas,Northern America
grid.5633.3,Adam Mickiewicz University in Poznań,Poland,Europe,Eastern Europe
grid.7491.b,Bielefeld University,Germany,Europe,Western Europe
grid.7132.7,Chiang Mai University,Thailand,Asia,South-Eastern Asia
grid.31143.34,Mohammed V University,Morocco,Africa,Northern Africa
grid.7010.6,Marche Polytechnic University,Italy,Europe,Southern Europe
grid.411370.0,Amrita Vishwa Vidyapeetham University,India,Asia,Southern Asia
grid.274841.c,Kumamoto University,Japan,Asia,Eastern Asia
grid.7840.b,Carlos III University of Madrid,Spain,Europe,Southern Europe
grid.11598.34,Medical University of Graz,Austria,Europe,Western Europe
grid.263081.e,San Diego State University,United States,Americas,Northern America
grid.18098.38,University of Haifa,Israel,Asia,Western Asia
grid.37589.30,National Central University,Taiwan,Asia,Eastern Asia
grid.440568.b,Khalifa University,United Arab Emirates,Asia,Western Asia
grid.7247.6,Universidad de Los Andes,Colombia,Americas,South America
grid.260975.f,Niigata University,Japan,Asia,Eastern Asia
grid.15140.31,École Normale Supérieure de Lyon,France,Europe,Western Europe
grid.412603.2,Qatar University,Qatar,Asia,Western Asia
grid.42629.3b,Northumbria University,United Kingdom,Europe,Northern Europe
grid.7634.6,Comenius University,Slovakia,Europe,Central Europe
grid.260474.3,Nanjing Normal University,China,Asia,Eastern Asia
grid.21006.35,University of Canterbury,New Zealand,Oceania,Australia and New Zealand
grid.6759.d,Budapest University of Technology and Economics,Hungary,Europe,Eastern Europe
grid.7637.5,University of Brescia,Italy,Europe,Southern Europe
grid.5268.9,University of Alicante,Spain,Europe,Southern Europe
grid.10041.34,University of La Laguna,Spain,Europe,Southern Europe
grid.410367.7,Rovira i Virgili University,Spain,Europe,Southern Europe
grid.412502.0,Shahid Beheshti University,Iran,Asia,Southern Asia
grid.263518.b,Shinshu University,Japan,Asia,Eastern Asia
grid.7778.f,University of Calabria,Italy,Europe,Southern Europe
grid.4994.0,Brno University of Technology,Czechia,Europe,Eastern Europe
grid.410413.3,Graz University of Technology,Austria,Europe,Western Europe
grid.22903.3a,American University of Beirut,Lebanon,Asia,Western Asia
grid.42687.3f,Ulsan National Institute of Science and Technology,South Korea,Asia,Eastern Asia
grid.258269.2,Juntendo University,Japan,Asia,Eastern Asia
grid.258622.9,Kindai University,Japan,Asia,Eastern Asia
grid.10979.36,"Palacký University, Olomouc",Czechia,Europe,Eastern Europe
grid.7159.a,University of Alcalá,Spain,Europe,Southern Europe
grid.254147.1,China Pharmaceutical University,China,Asia,Eastern Asia
grid.35043.31,National University of Science and Technology,Russia,Europe,Eastern Europe
grid.4425.7,Liverpool John Moores University,United Kingdom,Europe,Northern Europe
grid.412036.2,National Sun Yat-sen University,Taiwan,Asia,Eastern Asia
grid.174567.6,Nagasaki University,Japan,Asia,Eastern Asia
grid.1025.6,Murdoch University,Australia,Oceania,Australia and New Zealand
grid.4701.2,University of Portsmouth,United Kingdom,Europe,Northern Europe
grid.264200.2,"St George's, University of London",United Kingdom,Europe,Northern Europe
grid.45907.3f,National Taiwan University of Science and Technology,Taiwan,Asia,Eastern Asia
grid.412519.a,Pontifical Catholic University of Rio Grande do Sul,Brazil,Americas,South America
grid.6441.7,Vilnius University,Lithuania,Europe,Northern Europe
grid.4970.a,Royal Holloway University of London,United Kingdom,Europe,Northern Europe
grid.8509.4,Roma Tre University,Italy,Europe,Southern Europe
grid.11804.3c,Semmelweis University,Hungary,Europe,Eastern Europe
grid.9008.1,University of Szeged,Hungary,Europe,Eastern Europe
grid.11201.33,Plymouth University,United Kingdom,Europe,Northern Europe
grid.10049.3c,University of Limerick,Ireland,Europe,Northern Europe
grid.444487.f,Universiti Teknologi Petronas,Malaysia,Asia,South-Eastern Asia
grid.9481.4,University of Hull,United Kingdom,Europe,Northern Europe
grid.33647.35,Rensselaer Polytechnic Institute,United States,Americas,Northern America
grid.5380.e,University of Concepción,Chile,Americas,South America
grid.267335.6,University of Tokushima,Japan,Asia,Eastern Asia
grid.267468.9,University of Wisconsin–Milwaukee,United States,Americas,Northern America
grid.260542.7,National Chung Hsing University,Taiwan,Asia,Eastern Asia
grid.8073.c,University of A Coruña,Spain,Europe,Southern Europe
grid.417984.7,Indian School of Mines,India,Asia,Southern Asia
grid.252547.3,Auckland University of Technology,New Zealand,Oceania,Australia and New Zealand
grid.14013.37,University of Iceland,Iceland,Europe,Northern Europe
grid.7220.7,Universidad Autónoma Metropolitana,Mexico,Americas,Northern America
grid.411958.0,Australian Catholic University,Australia,Oceania,Australia and New Zealand
grid.8356.8,University of Essex,United Kingdom,Europe,Northern Europe
grid.258518.3,Kent State University,United States,Americas,Northern America
grid.7122.6,University of Debrecen,Hungary,Europe,Eastern Europe
grid.7384.8,University of Bayreuth,Germany,Europe,Western Europe
grid.9970.7,Johannes Kepler University of Linz,Austria,Europe,Western Europe
grid.411583.a,Mashhad University of Medical Sciences,Iran,Asia,Southern Asia
grid.16008.3f,University of Luxembourg,Luxembourg,Europe,Western Europe
grid.208226.c,Boston College,United States,Americas,Northern America
grid.440614.3,PLA University of Science and Technology,China,Asia,Eastern Asia
grid.261368.8,Old Dominion University,United States,Americas,Northern America
grid.5390.f,University of Udine,Italy,Europe,Southern Europe
grid.272362.0,"University of Nevada, Las Vegas",United States,Americas,Northern America
grid.261674.0,Panjab University,India,Asia,Southern Asia
grid.254549.b,Colorado School of Mines,United States,Americas,Northern America
grid.412117.0,National University of Sciences and Technology,Pakistan,Asia,Southern Asia
grid.12295.3d,Tilburg University,Netherlands,Europe,Western Europe
grid.7273.1,Aston University,United Kingdom,Europe,Northern Europe
grid.8127.c,University of Crete,Greece,Europe,Southern Europe
grid.411340.3,Aligarh Muslim University,India,Asia,Southern Asia
grid.25627.34,Manchester Metropolitan University,United Kingdom,Europe,Northern Europe
grid.27446.33,Northeast Normal University,China,Asia,Eastern Asia
grid.77642.30,Peoples' Friendship University of Russia,Russia,Europe,Eastern Europe
grid.265074.2,Tokyo Metropolitan University,Japan,Asia,Eastern Asia
grid.221309.b,Hong Kong Baptist University,Hong Kong,Asia,Eastern Asia
grid.263333.4,Sejong University,South Korea,Asia,Eastern Asia
grid.28577.3f,"City, University London",United Kingdom,Europe,Northern Europe
grid.136594.c,Tokyo University of Agriculture and Technology,Japan,Asia,Eastern Asia
grid.494567.d,invalid_grid,,,
grid.7645.0,University of Kaiserslautern,Germany,Europe,Western Europe
grid.260128.f,Missouri University of Science and Technology,United States,Americas,Northern America
grid.9811.1,University of Konstanz,Germany,Europe,Western Europe
grid.444703.0,National Institute of Technology Rourkela,India,Asia,Southern Asia
grid.24539.39,Renmin University of China,China,Asia,Eastern Asia
grid.255951.f,Florida Atlantic University,United States,Americas,Northern America
grid.412522.2,Pontifícia Universidade Católica do Paraná,Brazil,Americas,South America
grid.268441.d,Yokohama City University,Japan,Asia,Eastern Asia
grid.261445.0,Osaka City University,Japan,Asia,Eastern Asia
grid.12641.30,University of Ulster,United Kingdom,Europe,Northern Europe
grid.12477.37,University of Brighton,United Kingdom,Europe,Northern Europe
grid.266456.5,University of Idaho,United States,Americas,Northern America
grid.9594.1,University of Ioannina,Greece,Europe,Southern Europe
grid.255364.3,East Carolina University,United States,Americas,Northern America
grid.9906.6,University of Salento,Italy,Europe,Southern Europe
grid.1019.9,Victoria University,Australia,Oceania,Australia and New Zealand
grid.267337.4,University of Toledo,United States,Americas,Northern America
grid.5100.4,University of Bucharest,Romania,Europe,Eastern Europe
grid.8096.7,Coventry University,United Kingdom,Europe,Northern Europe
grid.9757.c,Keele University,United Kingdom,Europe,Northern Europe
grid.28479.30,King Juan Carlos University,Spain,Europe,Southern Europe
grid.262075.4,Portland State University,United States,Americas,Northern America
grid.8534.a,University of Fribourg,Switzerland,Europe,Western Europe
grid.412087.8,National Taipei University of Technology,Taiwan,Asia,Eastern Asia
grid.419886.a,Monterrey Institute of Technology and Higher Education,Mexico,Americas,Northern America
grid.1037.5,Charles Sturt University,Australia,Oceania,Australia and New Zealand
grid.5846.f,University of Hertfordshire,United Kingdom,Europe,Northern Europe
grid.9612.c,Jaume I University,Spain,Europe,Southern Europe
grid.6603.3,University of Cyprus,Cyprus,Europe,Eastern Europe
grid.24805.3b,New Mexico State University,United States,Americas,Northern America
grid.49481.30,University of Waikato,New Zealand,Oceania,Australia and New Zealand
grid.19477.3c,Norwegian University of Life Sciences,Norway,Europe,Northern Europe
grid.41891.35,Montana State University,United States,Americas,Northern America
grid.11194.3c,Makerere University,Uganda,Africa,Eastern Africa
grid.15596.3e,Dublin City University,Ireland,Europe,Northern Europe
grid.266673.0,"University of Maryland, Baltimore County",United States,Americas,Northern America
grid.418391.6,Birla Institute of Technology and Science,India,Asia,Southern Asia
grid.411976.c,K.N.Toosi University of Technology,Iran,Asia,Southern Asia
grid.61221.36,Gwangju Institute of Science and Technology,South Korea,Asia,Eastern Asia
grid.412258.8,Tanta University,Egypt,Africa,Northern Africa
grid.88379.3d,"Birkbeck, University of London",United Kingdom,Europe,Northern Europe
grid.11220.30,Boğaziçi University,Turkey,Asia,Western Asia
grid.12155.32,University of Hasselt,Belgium,Europe,Western Europe
grid.15895.30,Örebro University,Sweden,Europe,Northern Europe
grid.411872.9,University of Guilan,Iran,Asia,Southern Asia
grid.9563.9,University of the Balearic Islands,Spain,Europe,Southern Europe
grid.264260.4,Binghamton University,United States,Americas,Northern America
grid.9582.6,University of Ibadan,Nigeria,Africa,Western Africa
grid.8752.8,University of Salford,United Kingdom,Europe,Northern Europe
grid.412368.a,Universidade Federal do ABC,Brazil,Americas,South America
grid.262613.2,Rochester Institute of Technology,United States,Americas,Northern America
grid.411750.6,University of Isfahan,Iran,Asia,Southern Asia
grid.267324.6,The University of Texas at El Paso,United States,Americas,Northern America
grid.1038.a,Edith Cowan University,Australia,Oceania,Australia and New Zealand
grid.15751.37,University of Huddersfield,United Kingdom,Europe,Northern Europe
grid.267455.7,University of Windsor,Canada,Americas,Northern America
grid.11918.30,University of Stirling,United Kingdom,Europe,Northern Europe
grid.259029.5,Lehigh University,United States,Americas,Northern America
grid.4839.6,Pontifical Catholic University of Rio de Janeiro,Brazil,Americas,South America
grid.7362.0,Bangor University,United Kingdom,Europe,Northern Europe
grid.412846.d,Sultan Qaboos University,Oman,Asia,Western Asia
grid.6810.f,Chemnitz University of Technology,Germany,Europe,Western Europe
grid.32056.32,University of Pune,India,Asia,Southern Asia
grid.41312.35,Pontifical Xavierian University,Colombia,Americas,South America
grid.264889.9,College of William & Mary,United States,Americas,Northern America
grid.26811.3c,Miguel Hernandez University,Spain,Europe,Southern Europe
grid.15822.3c,Middlesex University,United Kingdom,Europe,Northern Europe
grid.11450.31,University of Sassari,Italy,Europe,Southern Europe
grid.412982.4,Xiangtan University,China,Asia,Eastern Asia
grid.265050.4,Toho University,Japan,Asia,Eastern Asia
grid.1020.3,University of New England,Australia,Oceania,Australia and New Zealand
grid.260896.3,New Jersey Institute of Technology,United States,Americas,Northern America
grid.412889.e,University of Costa Rica,Costa Rica,Americas,Central America
grid.8652.9,University of Ghana,Ghana,Africa,Western Africa
grid.9670.8,University of Jordan,Jordan,Asia,Western Asia
grid.411739.9,Erciyes University,Turkey,Asia,Western Asia
grid.412090.e,National Taiwan Normal University,Taiwan,Asia,Eastern Asia
grid.268394.2,Yamagata University,Japan,Asia,Eastern Asia
grid.12361.37,Nottingham Trent University,United Kingdom,Europe,Northern Europe
grid.266239.a,University of Denver,United States,Americas,Northern America
grid.9464.f,University of Hohenheim,Germany,Europe,Western Europe
grid.1039.b,University of Canberra,Australia,Oceania,Australia and New Zealand
grid.6973.b,Riga Technical University,Latvia,Europe,Northern Europe
grid.261277.7,Oakland University,United States,Americas,Northern America
grid.264772.2,Texas State University–San Marcos,United States,Americas,Northern America
grid.15876.3d,Koç University,Turkey,Asia,Western Asia
grid.268446.a,Yokohama National University,Japan,Asia,Eastern Asia
grid.8974.2,University of the Western Cape,South Africa,Africa,Southern Africa
grid.4912.e,Royal College of Surgeons in Ireland,Ireland,Europe,Northern Europe
grid.410821.e,Nippon Medical School,Japan,Asia,Eastern Asia
grid.43519.3a,United Arab Emirates University,United Arab Emirates,Asia,Western Asia
grid.412436.6,Thapar University,India,Asia,Southern Asia
grid.5603.0,University of Greifswald,Germany,Europe,Western Europe
grid.6518.a,University of the West of England,United Kingdom,Europe,Northern Europe
grid.5836.8,University of Siegen,Germany,Europe,Western Europe
grid.17236.31,Bournemouth University,United Kingdom,Europe,Northern Europe
grid.252470.6,Asian University,Taiwan,Asia,Eastern Asia
grid.443239.b,University of the Philippines System,Philippines,Asia,South-Eastern Asia
grid.1034.6,University of the Sunshine Coast,Australia,Oceania,Australia and New Zealand
grid.37553.37,Jordan University of Science and Technology,Jordan,Asia,Western Asia
grid.5884.1,Sheffield Hallam University,United Kingdom,Europe,Northern Europe
grid.57926.3f,University of Regina,Canada,Americas,Northern America
grid.7943.9,University of Central Lancashire,United Kingdom,Europe,Northern Europe
grid.257060.6,Hofstra University,United States,Americas,Northern America
grid.6988.f,Tallinn University of Technology,Estonia,Europe,Northern Europe
grid.266860.c,University of North Carolina at Greensboro,United States,Americas,Northern America
grid.12332.31,Lappeenranta University of Technology,Finland,Europe,Northern Europe
grid.4466.0,Polytechnic University of Bari,Italy,Europe,Southern Europe
grid.1048.d,University of Southern Queensland,Australia,Oceania,Australia and New Zealand
grid.38603.3e,University of Split,Croatia,Europe,Southern Europe
grid.259670.f,Marquette University,United States,Americas,Northern America
grid.264706.1,Teikyo University,Japan,Asia,Eastern Asia
grid.8647.d,University of Maribor,Slovenia,Europe,Southern Europe
grid.28020.38,University of Almería,Spain,Europe,Southern Europe
grid.15775.31,University of St. Gallen,Switzerland,Europe,Western Europe
grid.263451.7,Shantou University,China,Asia,Eastern Asia
grid.15866.3c,Czech University of Life Sciences Prague,Czechia,Europe,Eastern Europe
grid.18376.3b,Bilkent University,Turkey,Asia,Western Asia
grid.411818.5,Jamia Millia Islamia,India,Asia,Southern Asia
grid.9679.1,University of Pecs,Hungary,Europe,Eastern Europe
grid.21507.31,University of Jaén,Spain,Europe,Southern Europe
grid.36511.30,University of Lincoln,United Kingdom,Europe,Northern Europe
grid.70738.3b,University of Alaska Fairbanks,United States,Americas,Northern America
grid.256023.0,Fordham University,United States,Americas,Northern America
grid.7628.b,Oxford Brookes University,United Kingdom,Europe,Northern Europe
grid.253264.4,Brandeis University,United States,Americas,Northern America
grid.61569.3d,Bauman Moscow State Technical University,Russia,Europe,Eastern Europe
grid.7157.4,University of Algarve,Portugal,Europe,Southern Europe
grid.411898.d,Jikei University,Japan,Asia,Eastern Asia
grid.263145.7,Sant'Anna School of Advanced Studies,Italy,Europe,Southern Europe
grid.412151.2,King Mongkut's University of Technology Thonburi,Thailand,Asia,South-Eastern Asia
grid.261120.6,Northern Arizona University,United States,Americas,Northern America
grid.15449.3d,Pablo de Olavide University,Spain,Europe,Southern Europe
grid.266096.d,"University of California, Merced",United States,Americas,Northern America
grid.5601.2,University of Mannheim,Germany,Europe,Western Europe
grid.448072.d,University of Chemistry and Technology,Czechia,Europe,Eastern Europe
grid.410793.8,Tokyo Medical University,Japan,Asia,Eastern Asia
grid.63124.32,American University,United States,Americas,Northern America
grid.260433.0,Nagoya City University,Japan,Asia,Eastern Asia
grid.6093.c,Scuola Normale Superiore di Pisa,Italy,Europe,Southern Europe
grid.410714.7,Showa University,Japan,Asia,Eastern Asia
grid.6268.a,University of Bradford,United Kingdom,Europe,Northern Europe
grid.253613.0,University of Montana,United States,Americas,Northern America
grid.258806.1,Kyushu Institute of Technology,Japan,Asia,Eastern Asia
grid.263736.5,Sogang University,South Korea,Asia,Eastern Asia
grid.41206.31,Anadolu University,Turkey,Asia,Western Asia
grid.4521.2,University of Las Palmas de Gran Canaria,Spain,Europe,Southern Europe
grid.411660.4,Banha University,Egypt,Africa,Northern Africa
grid.267500.6,University of Yamanashi,Japan,Asia,Eastern Asia
grid.12916.3d,University of the West Indies,Jamaica,Americas,Caribbean
grid.15538.3a,Kingston University,United Kingdom,Europe,Northern Europe
grid.411840.8,Cadi Ayyad University,Morocco,Africa,Northern Africa
grid.36316.31,University of Greenwich,United Kingdom,Europe,Northern Europe
grid.268323.e,Worcester Polytechnic Institute,United States,Americas,Northern America
grid.419653.c,National Institute of Technology Tiruchirappalli,India,Asia,Southern Asia
grid.7427.6,University of Beira Interior,Portugal,Europe,Southern Europe
grid.412517.4,Pondicherry University,India,Asia,Southern Asia
grid.8186.7,Aberystwyth University,United Kingdom,Europe,Northern Europe
grid.263023.6,Saitama University,Japan,Asia,Eastern Asia
grid.1023.0,Central Queensland University,Australia,Oceania,Australia and New Zealand
grid.7240.1,Ca Foscari University of Venice,Italy,Europe,Southern Europe
grid.5115.0,Anglia Ruskin University,United Kingdom,Europe,Northern Europe
grid.412057.5,University of Kashan,Iran,Asia,Southern Asia
grid.411196.a,Kuwait University,Kuwait,Asia,Western Asia
grid.77667.37,Novosibirsk State Technical University,Russia,Europe,Eastern Europe
grid.6553.5,Ilmenau University of Technology,Germany,Europe,Western Europe
grid.48815.30,De Montfort University,United Kingdom,Europe,Northern Europe
grid.254748.8,Creighton University,United States,Americas,Northern America
grid.10346.30,Leeds Beckett University,United Kingdom,Europe,Northern Europe
grid.7119.e,Austral University of Chile,Chile,Americas,South America
grid.411662.6,Beni-Suef University,Egypt,Africa,Northern Africa
grid.1031.3,Southern Cross University,Australia,Oceania,Australia and New Zealand
grid.411498.1,University of Baghdad,Iraq,Asia,Western Asia
grid.258331.e,Kagawa University,Japan,Asia,Eastern Asia
grid.256105.5,Fu Jen Catholic University,Taiwan,Asia,Eastern Asia
grid.450280.b,Indian Institute of Technology Indore,India,Asia,Southern Asia
grid.459612.d,Indian Institute of Technology Hyderabad,India,Asia,Southern Asia
grid.412810.e,Tshwane University of Technology,South Africa,Africa,Southern Africa
grid.256115.4,Fujita Health University,Japan,Asia,Eastern Asia
grid.12896.34,University of Westminster,United Kingdom,Europe,Northern Europe
grid.462999.9,Northern University of Malaysia,Malaysia,Asia,South-Eastern Asia
grid.12148.3e,Federico Santa María Technical University,Chile,Americas,South America
grid.411649.f,Chung Yuan Christian University,Taiwan,Asia,Eastern Asia
grid.12341.35,University of Trás-os-Montes and Alto Douro,Portugal,Europe,Southern Europe
grid.45349.3f,Lisbon University Institute,Portugal,Europe,Southern Europe
grid.33003.33,Suez Canal University,Egypt,Africa,Northern Africa
grid.411040.0,Iuliu Hațieganu University of Medicine and Pharmacy,Romania,Europe,Eastern Europe
grid.412789.1,University of Sharjah,United Arab Emirates,Asia,Western Asia
grid.6884.2,Hamburg University of Technology,Germany,Europe,Western Europe
grid.1040.5,Federation University,Australia,Oceania,Australia and New Zealand
grid.424447.5,École des Ponts ParisTech,France,Europe,Western Europe
grid.411951.9,Hamamatsu University,Japan,Asia,Eastern Asia
grid.267153.4,University of South Alabama,United States,Americas,Northern America
grid.20715.31,Sidi Mohamed Ben Abdellah University,Morocco,Africa,Northern Africa
grid.217309.e,Stevens Institute of Technology,United States,Americas,Northern America
grid.9845.0,University of Latvia,Latvia,Europe,Northern Europe
grid.272264.7,Hyogo College of Medicine,Japan,Asia,Eastern Asia
grid.266231.2,University of Dayton,United States,Americas,Northern America
grid.410926.8,Polytechnic Institute of Porto,Portugal,Europe,Southern Europe
grid.440592.e,Pontifical Catholic University of Peru,Peru,Americas,South America
grid.95004.38,"National University of Ireland, Maynooth",Ireland,Europe,Northern Europe
grid.411496.f,Babol Noshirvani University of Technology,Iran,Asia,Southern Asia
grid.412163.3,University of La Frontera,Chile,Americas,South America
grid.1043.6,Charles Darwin University,Australia,Oceania,Australia and New Zealand
grid.15401.31,Ecole Centrale de Lyon,France,Europe,Western Europe
grid.278276.e,Kōchi University,Japan,Asia,Eastern Asia
grid.6390.c,École Normale Supérieure de Cachan,France,Europe,Western Europe
grid.4655.2,Copenhagen Business School,Denmark,Europe,Northern Europe
grid.20931.39,Royal Veterinary College,United Kingdom,Europe,Northern Europe
grid.412804.b,Toyohashi University of Technology,Japan,Asia,Eastern Asia
grid.412419.b,Osmania University,India,Asia,Southern Asia
grid.10711.36,University of Neuchâtel,Switzerland,Europe,Western Europe
grid.260664.0,National Taiwan Ocean University,Taiwan,Asia,Eastern Asia
grid.412149.b,King Saud bin Abdulaziz University for Health Sciences,Saudi Arabia,Asia,Western Asia
grid.5214.2,Glasgow Caledonian University,United Kingdom,Europe,Northern Europe
grid.34988.3e,Free University of Bozen-Bolzano,Italy,Europe,Southern Europe
grid.413050.3,Yuan Ze University,Taiwan,Asia,Eastern Asia
grid.8389.a,University of Évora,Portugal,Europe,Southern Europe
grid.412684.d,University of Ostrava,Czechia,Europe,Eastern Europe
grid.411234.1,Aichi Medical University,Japan,Asia,Eastern Asia
grid.253547.2,California Polytechnic State University,United States,Americas,Northern America
grid.255966.b,Florida Institute of Technology,United States,Americas,Northern America
grid.417959.7,Indian Institute of Science Education and Research Pune,India,Asia,Southern Asia
grid.11100.31,Cayetano Heredia University,Peru,Americas,South America
grid.5334.1,Sabancı University,Turkey,Asia,Western Asia
grid.6374.6,University of Wolverhampton,United Kingdom,Europe,Northern Europe
grid.265893.3,University of Alabama in Huntsville,United States,Americas,Northern America
grid.7144.6,University of the Aegean,Greece,Europe,Southern Europe
grid.412108.e,National University of Cuyo,Argentina,Americas,South America
grid.411622.2,University of Mazandaran,Iran,Asia,Southern Asia
grid.412261.2,Universiti Tunku Abdul Rahman,Malaysia,Asia,South-Eastern Asia
grid.35349.38,University of Roehampton,United Kingdom,Europe,Northern Europe
grid.10999.38,University of Talca,Chile,Americas,South America
grid.45982.32,Tezpur University,India,Asia,Southern Asia
grid.263171.0,Sapporo Medical University,Japan,Asia,Eastern Asia
grid.267169.d,University of South Dakota,United States,Americas,Northern America
grid.6227.1,University of Technology of Compiègne,France,Europe,Western Europe
grid.266886.4,University of Notre Dame Australia,Australia,Oceania,Australia and New Zealand
grid.451239.8,Sciences Po,France,Europe,Western Europe
grid.22631.34,School of Oriental and African Studies,United Kingdom,Europe,Northern Europe
grid.181790.6,University of Leoben,Austria,Europe,Western Europe
grid.412193.c,Diego Portales University,Chile,Americas,South America
grid.267360.6,University of Tulsa,United States,Americas,Northern America
grid.15756.30,University of the West of Scotland,United Kingdom,Europe,Northern Europe
grid.6357.7,Suranaree University of Technology,Thailand,Asia,South-Eastern Asia
grid.10988.38,Pantheon-Sorbonne University,France,Europe,Western Europe
grid.12711.34,University of Urbino,Italy,Europe,Southern Europe
grid.411595.d,Industrial University of Santander,Colombia,Americas,South America
grid.255434.1,Edge Hill University,United Kingdom,Europe,Northern Europe
grid.448834.7,Gebze Technical University,Turkey,Asia,Western Asia
grid.411365.4,American University of Sharjah,United Arab Emirates,Asia,Western Asia
grid.410783.9,Kansai Medical University,Japan,Asia,Eastern Asia
grid.60969.30,University of East London,United Kingdom,Europe,Northern Europe
grid.412659.d,Sohag University,Egypt,Africa,Northern Africa
grid.260567.0,National Dong Hwa University,Taiwan,Asia,Eastern Asia
grid.1033.1,Bond University,Australia,Oceania,Australia and New Zealand
grid.23520.36,University of Burgos,Spain,Europe,Southern Europe
grid.15078.3b,Jacobs University,Germany,Europe,Western Europe
grid.459611.e,Indian Institute of Technology Bhubaneswar,India,Asia,Southern Asia
grid.412313.6,Sri Venkateswara University,India,Asia,Southern Asia
grid.15034.33,University of Bedfordshire,United Kingdom,Europe,Northern Europe
grid.442401.7,University of Béjaïa,Algeria,Africa,Northern Africa
grid.412042.1,National Chengchi University,Taiwan,Asia,Eastern Asia
grid.77184.3d,Al-Farabi Kazakh National University,Kazakhstan,Asia,Central Asia
grid.7902.c,Paris West University Nanterre La Défense,France,Europe,Western Europe
grid.15810.3d,Cyprus University of Technology,Cyprus,Europe,Eastern Europe
grid.411932.c,Covenant University,Nigeria,Africa,Western Africa
grid.33236.37,University of Bergamo,Italy,Europe,Southern Europe
grid.411978.2,Kafrelsheikh University,Egypt,Africa,Northern Africa
grid.484611.e,Universiti Tenaga Nasional,Malaysia,Asia,South-Eastern Asia
grid.412861.8,Autonomous University of Queretaro,Mexico,Americas,Northern America
grid.281386.6,Western Washington University,United States,Americas,Northern America
grid.11702.35,Roskilde University,Denmark,Europe,Northern Europe
grid.411987.2,De La Salle University,Philippines,Asia,South-Eastern Asia
grid.7901.f,Cergy-Pontoise University,France,Europe,Western Europe
grid.252119.c,American University in Cairo,Egypt,Africa,Northern Africa
grid.412187.9,Universidad del Desarrollo,Chile,Americas,South America
grid.417960.d,Indian Institute of Science Education and Research Kolkata,India,Asia,Southern Asia
grid.461270.6,Eastern Mediterranean University,Cyprus,Europe,Eastern Europe
grid.255501.6,Embry–Riddle Aeronautical University,United States,Americas,Northern America
grid.36083.3e,Open University of Catalonia,Spain,Europe,Southern Europe
grid.14724.34,University of Deusto,Spain,Europe,Southern Europe
grid.57686.3a,University of Derby,United Kingdom,Europe,Northern Europe
grid.411335.1,Alfaisal University,Saudi Arabia,Asia,Western Asia
grid.266876.b,University of Northern British Columbia,Canada,Americas,Northern America
grid.59490.31,Robert Gordon University,United Kingdom,Europe,Northern Europe
grid.26597.3f,Teesside University,United Kingdom,Europe,Northern Europe
grid.444860.a,Shiraz University of Technology,Iran,Asia,Southern Asia
grid.259237.8,Louisiana Tech University,United States,Americas,Northern America
grid.16068.39,Ecole Centrale de Nantes,France,Europe,Western Europe
grid.410658.e,University of South Wales,United Kingdom,Europe,Northern Europe
grid.461025.4,University College Lahore,Pakistan,Asia,Southern Asia
grid.16299.35,Athens University of Economics and Business,Greece,Europe,Southern Europe
grid.411170.2,Fayoum University,Egypt,Africa,Northern Africa
grid.11046.32,University of Passau,Germany,Europe,Western Europe
grid.262564.1,Rikkyo University,Japan,Asia,Eastern Asia
grid.254277.1,Clark University,United States,Americas,Northern America
grid.265880.1,University of Aizu,Japan,Asia,Eastern Asia
grid.267102.0,University of San Diego,United States,Americas,Northern America
grid.411323.6,Lebanese American University,Lebanon,Asia,Western Asia
grid.19873.34,Staffordshire University,United Kingdom,Europe,Northern Europe
grid.9580.4,Reykjavík University,Iceland,Europe,Northern Europe
grid.39679.32,New Mexico Institute of Mining and Technology,United States,Americas,Northern America
grid.7831.d,Catholic University of Portugal,Portugal,Europe,Southern Europe
grid.469086.5,National Taipei University,Taiwan,Asia,Eastern Asia
grid.445984.0,Belgorod National Research University,Russia,Europe,Eastern Europe
grid.440424.2,Atilim University,Turkey,Asia,Western Asia
grid.444359.b,Meenakshi Academy of Higher Education and Research,India,Asia,Southern Asia
grid.462044.0,Avondale College of Higher Education,Australia,Oceania,Australia and New Zealand
grid.431470.5,University of Divinity,Australia,Oceania,Australia and New Zealand
grid.449625.8,Torrens University Australia,Australia,Oceania,Australia and New Zealand
grid.431331.7,Batchelor Institute of Indigenous Tertiary Education,Australia,Oceania,Australia and New Zealand
